{
  "code": 1,
  "data": {
    "image": "",
    "top_book": {
      "image": "— 精选前三 —",
      "data": [
        {
          "book_id": 107635,
          "name": "圣墟",
          "author": "辰东",
          "form": 1,
          "image": "qd/d3/18/1004608738.jpg",
          "ltype": "其他",
          "stype": "其他",
          "remark": "在破败中崛起，在寂灭中复苏。\n沧海成尘，雷电枯竭，那一缕幽雾又一次临近大地，世间的枷锁被打开了，一个全新的世界就此揭开神秘的一角……",
          "status": 2
        },
        {
          "book_id": 624777,
          "name": "天王殿",
          "author": "状元不出门",
          "form": 1,
          "image": "up/361/624777.jpg?time=1591413303",
          "ltype": "其他",
          "stype": "其他",
          "remark": "六年浴血，王者归来，凭我七尺之躯，可拳打地痞恶霸，可护娇妻萌娃...",
          "status": 2
        },
        {
          "book_id": 538671,
          "name": "上门龙婿",
          "author": "叶公子",
          "form": 1,
          "image": "up/184/625143.jpg",
          "ltype": "其他",
          "stype": "其他",
          "remark": "叶辰是所有人都瞧不起的上门女婿，但没有人知道他的真实身份却是顶尖家族的大少爷，那些瞧不起他的人，终究...",
          "status": 2
        }
      ]
    },
    "hot_book": {
      "category": 0,
      "name": "全网大热榜",
      "data": [
        {
          "book_id": 28520,
          "name": "万古天帝",
          "author": "第一神",
          "image": "dj/6e/ea/CmQUNljdCBCEcCptAAAAAPB9e0Y997103000.jpg",
          "remark": "天界第一战神，却因功高震主，遭挚爱背叛，死于洞房之夜。聂天重生百年之后，再不做殿下之臣！破苍穹，逆乾坤，凌万天，踏万界！开启一场与当世天才争锋角逐的逆天之旅。这一世，我要创造我的世界！这一世，我要成为万古天帝！这一世，我要主宰天界神域！",
          "ltype": "其他",
          "stype": "其他",
          "total_count": 6162624
        },
        {
          "book_id": 15470,
          "name": "仙武帝尊",
          "author": "六界三道",
          "image": "up/172/15470.jpg?time=1576038892",
          "remark": "九千年前，仙武帝尊率领百万神将打入太古洪荒，却无一人归来，只有一缕真火遗留世间。九千年后，门派废徒叶辰，被赶出宗门，无以为家，机缘巧合之下偶得真火，再踏仙武之路。这是一个神魔仙佛并立的世界，这是一个诸天万域混乱的年代，叶辰的逆天征途，由此开始。",
          "ltype": "其他",
          "stype": "其他",
          "total_count": 5849865
        },
        {
          "book_id": 33420,
          "name": "武神主宰",
          "author": "暗魔师",
          "image": "dj/94/7f/CmQUN1jdDBSEctfFAAAAAFc0xM8310271044.jpg",
          "remark": "天武大陆一代传奇秦尘，因好友背叛意外陨落武域。三百年后，他转生在一个受尽欺凌的王府私生子身上，利用前世造诣，凝神功、炼神丹，逆天而上，强势崛起，从此踏上一段震惊大陆的惊世之旅。",
          "ltype": "其他",
          "stype": "其他",
          "total_count": 5447676
        },
        {
          "book_id": 38239,
          "name": "无尽武装",
          "author": "缘分0",
          "image": "zh/b7/46/1286058202578.jpg",
          "remark": "这里是天堂，因为这里拥有地球上拥有的一切。所有你渴望的而又得不到的，在这里都可以得到；这里是地狱，因为每个人都要在这里艰苦挣扎，然后在分不清真假的世界中醉生梦死。",
          "ltype": "其他",
          "stype": "其他",
          "total_count": 5098420
        },
        {
          "book_id": 19878,
          "name": "逆天邪神",
          "author": "火星引力",
          "image": "up/475/668.jpg",
          "remark": "掌天毒之珠，承邪神之血，修逆天之力，一代邪神，君临天下！",
          "ltype": "其他",
          "stype": "其他",
          "total_count": 4637509
        },
        {
          "book_id": 188009,
          "name": "明夷于飞",
          "author": "李写意",
          "image": "zssq/df/da/2112538_a53fbcacf83e476c99b2a2b061c91399.jpg",
          "remark": "仙侠世界的故事。女主角是个资质废柴的凡人，阴差阳错的步入到仙人的世界中。\n一个乡下姑娘糊里糊涂开始的寻道问心之旅……别的妹子都是在拼家世、比美貌、萌修真界四大公子，而她则忙着赚灵石，见到这些公子的第一个念头则是——哇，一个好大好大的移动灵石包！大兄弟，买符箓吗，八折！！\n步步为营的修真之旅，怎么兼顾升级打怪赚灵石呢？！\n明夷之心，出于门庭。\n明夷于飞，君子于行。",
          "ltype": "其他",
          "stype": "其他",
          "total_count": 4154878
        },
        {
          "book_id": 1058,
          "name": "荣耀王者",
          "author": "夜黑羽",
          "image": "up/404/625490.jpg",
          "remark": "为了游戏里的皮肤，女友竟然背着我……\n百星荣耀王者强势回归，手把手教你上王者！",
          "ltype": "其他",
          "stype": "其他",
          "total_count": 3875062
        },
        {
          "book_id": 516979,
          "name": "鬼医毒妃：嫁个绝色小相公",
          "author": "拓拔言倾",
          "image": "qbyq/261/73/d9/5092.jpg",
          "remark": "紫千歌，华夏顶尖医学天才，灵魂重生在圣天大陆。医师，毒师，炼丹师，炼器师，阵法师，各类职业玩得风生水起，芊芊素手搅动着大陆风云，一步步走上世人仰望的地位。然而，那一次她头脑发热，嘴贱的调戏了他，我救你的条件是：你以身相许，做我的小相公，怎么样？本以为是棵纯情小白菜，谁知是只腹黑的大野狼，对着这夜夜梦游进她房间的高冷王爷，她咬牙切齿道，我可以收回当日的戏言吗？我现在可以退货吗？",
          "ltype": "其他",
          "stype": "其他",
          "total_count": 3521280
        },
        {
          "book_id": 157062,
          "name": "最佳女婿",
          "author": "陪你倒数",
          "image": "zssq/6b/e1/3310394_d9ae4df0c376413fb994fbe89e024330.jpg",
          "remark": "人死的时候会有意识吗？会，因为我经历过。\n这个世界上真的有灵吗？有，因为，我就是。\n重活一次后，发现他有一个美到窒息的老婆，这纠结了……",
          "ltype": "其他",
          "stype": "其他",
          "total_count": 3024609
        },
        {
          "book_id": 471740,
          "name": "快穿之女配十八式",
          "author": "魅生",
          "image": "slsy/143/fb/2d/224948.jpg",
          "remark": "一场车祸夺取了她的生命，不知从何而来的系统强行绑定了她，让她不得不进入小说中为各类女配完成心愿，获得重生。\n“系统绑定成功，任务失败扣除双倍积分，一旦积分清零，宿主则会被强行抹杀，进入第一个任务……”",
          "ltype": "其他",
          "stype": "其他",
          "total_count": 2788430
        }
      ]
    },
    "end_book": {
      "category": 2,
      "name": "完结推荐",
      "data": [
        {
          "book_id": 618521,
          "name": "魔族之劫",
          "author": "疯狂的橘猫",
          "image": "qd/e0/17/1020196841.jpg",
          "remark": "“最强的流派是哪家？是绝对攻击一剑流？还是绝对防御流？”\n“都不是，是狂战流！”\n“狂战流是什么？”\n“最强攻击、最强防御和最强速度！”\n“你把绝对攻击流跟绝对防御流放哪了？”\n“呵呵！每个敌人给我增加百分之五的攻击力、防御力和速度！”\n“好弱，人家绝对攻击流，无条件增加百分之五百攻击力！”\n“你数数场上有多少人！”\n“15万人！”\n“能让我增强多少倍？”\n“……”\n“7500倍！”\nps：给个日两万的机会吧！",
          "ltype": "其他",
          "stype": "其他",
          "score": "9.47"
        },
        {
          "book_id": 623429,
          "name": "大吟游诗人",
          "author": "三心二缺",
          "image": "qd/0c/94/1021351655.jpg",
          "remark": "黎川救下两位螺族少女小妖精，无意间卷入到了异族争锋之中。在动辄血与火的位面之中，同样有着诗与远方。黎川发现自己成为了掌握龙语战诗的炙手可热之人，壮怀激烈之时，他也每每于兽血沸腾之中创造着属于自己的史诗！\n~~~~~~~~~~~~~~~~~~~~~~~~~~~~~~~~~~\nps:章节题目之类纯属耍宝卖弄，莫要太过在意...",
          "ltype": "其他",
          "stype": "其他",
          "score": "8.45"
        },
        {
          "book_id": 623374,
          "name": "我的武功带特效",
          "author": "鱼跃冲顶",
          "image": "qd/34/59/1020874739.jpg",
          "remark": "本书又名《小师叔明明超强却实在太宅了》、《武学奇才小师叔》、《宅着宅着就成了天下第一》……\n……\n吕纯良很受伤。\n穿越仙武世界，天生唬人的气质拿捏得死死的。\n天赋无双，惊骇世人。\n打出一掌，便能从天而降。\n突破境界，更有天地异象。\n江湖传言，他骨骼惊奇，是那万中无一的武学奇才。\n再平凡的武功落入他的手中，都能化腐朽为神奇，一力降十会。\n鹰爪功手撕鬼子、斗兽功斗气化马、童子功罡气护体……\n然而就在这种妖孽的设定之下。\n谁又能想到，他只是给自己的武功加了一点小小的特效而已。\n我，吕纯良，武当山上小师叔，生性纯良。\n十年修行无人问，一朝下山天下知。\n……\n【PS：已有高订1.8万的完本老书，放心入坑...",
          "ltype": "其他",
          "stype": "其他",
          "score": "8.44"
        },
        {
          "book_id": 622457,
          "name": "十万重横炼剑圣",
          "author": "我意为天",
          "image": "qd/11/88/1021430627.jpg",
          "remark": "武道与仙道共存的世界，陈正道死后重生回到十二天前，并且觉醒了穿越几十年的金手指，十万重横炼剑圣系统。\n当剑体提升到了极致的时候，你觉得它最强的是剑气吗？\n不不不，它最强的是防御。\n你会法术？你有法宝？你更厉害，有祖传藏着多年的宝贝符咒？\n不吹不黑，在场的所有人，不能破我防的那都是乐色。\n什么？你破了我的防？\n咻！\n一剑下去，瞬间斩首，全场安静，危机解除。各位乐色，哦不，各位大佬，不好意思，其实我最强的还是剑。\n……\nPs：横炼加点流，节奏快而超爽！另一本书是精品《十万亿重炼体的神魔》，不够看可以去看看！",
          "ltype": "其他",
          "stype": "其他",
          "score": "9.82"
        },
        {
          "book_id": 624033,
          "name": "神魔书",
          "author": "血红",
          "image": "qd/21/ea/1020688719.jpg",
          "remark": "我是谁？我在哪？我在做什么？我要做什么？我想做什么？\n我所见、所闻、所经历的一切，又都是为了什么？\n眼前的世界，是真实还是虚幻？\n左边的道路，密布荆棘；右边的道路，鲜花着锦。\n我要选择哪一条？我为什么要选择这一条？\n愿绝对的秩序指引我们。\n愿至高的真理与我同在。",
          "ltype": "其他",
          "stype": "其他",
          "score": "8.93"
        },
        {
          "book_id": 1668,
          "name": "天域苍穹",
          "author": "风凌天下",
          "image": "qd/b5/9c/3362920.jpg",
          "remark": "笑尽天下英雄，宇内我为君主！\n万水千山，以我为尊；八荒六合，唯我称雄！\n我欲舞风云，凌天下，踏天域，登苍穹！谁可争锋？！\n诸君可愿陪我，并肩凌天下，琼霄风云舞，征战这天域苍穹？！\n…………\n天域苍穹官方群一：376497379\n天域苍穹官方群二：374474820",
          "ltype": "其他",
          "stype": "其他",
          "score": "9.11"
        },
        {
          "book_id": 85175,
          "name": "余温半夏",
          "author": "喵牌雪糕",
          "image": "qd/28/c5/1013672302.jpg",
          "remark": "你问我为什么那么顽固，\n你说比你适合的人有很多，\n我没有选择的方式，\n只是你一出现，\n别人也就不过如此\n……",
          "ltype": "其他",
          "stype": "其他",
          "score": "8.97"
        },
        {
          "book_id": 616502,
          "name": "极道神明",
          "author": "树火",
          "image": "qd/8b/fd/1020757352.jpg",
          "remark": "顾铮来到了异界，发现这个世界存在妖魔邪祟。\n但他也有着一个加点面板。\n刀法+1+1+1……\n一刀天下，虚空都破碎了。\n然后他发现，这个世界并不简单。不只是妖魔邪祟，还有着一个个主角存在，重生者夺舍者血脉强大者。\n这还真是危险。",
          "ltype": "其他",
          "stype": "其他",
          "score": "9.27"
        }
      ]
    },
    "new_book": {
      "category": 1,
      "name": "新书推荐",
      "data": [
        {
          "book_id": 618521,
          "name": "魔族之劫",
          "author": "疯狂的橘猫",
          "image": "qd/e0/17/1020196841.jpg",
          "remark": "“最强的流派是哪家？是绝对攻击一剑流？还是绝对防御流？”\n“都不是，是狂战流！”\n“狂战流是什么？”\n“最强攻击、最强防御和最强速度！”\n“你把绝对攻击流跟绝对防御流放哪了？”\n“呵呵！每个敌人给我增加百分之五的攻击力、防御力和速度！”\n“好弱，人家绝对攻击流，无条件增加百分之五百攻击力！”\n“你数数场上有多少人！”\n“15万人！”\n“能让我增强多少倍？”\n“……”\n“7500倍！”\nps：给个日两万的机会吧！",
          "ltype": "其他",
          "stype": "其他",
          "score": "9.78"
        },
        {
          "book_id": 623429,
          "name": "大吟游诗人",
          "author": "三心二缺",
          "image": "qd/0c/94/1021351655.jpg",
          "remark": "黎川救下两位螺族少女小妖精，无意间卷入到了异族争锋之中。在动辄血与火的位面之中，同样有着诗与远方。黎川发现自己成为了掌握龙语战诗的炙手可热之人，壮怀激烈之时，他也每每于兽血沸腾之中创造着属于自己的史诗！\n~~~~~~~~~~~~~~~~~~~~~~~~~~~~~~~~~~\nps:章节题目之类纯属耍宝卖弄，莫要太过在意...",
          "ltype": "其他",
          "stype": "其他",
          "score": "8.56"
        },
        {
          "book_id": 623374,
          "name": "我的武功带特效",
          "author": "鱼跃冲顶",
          "image": "qd/34/59/1020874739.jpg",
          "remark": "本书又名《小师叔明明超强却实在太宅了》、《武学奇才小师叔》、《宅着宅着就成了天下第一》……\n……\n吕纯良很受伤。\n穿越仙武世界，天生唬人的气质拿捏得死死的。\n天赋无双，惊骇世人。\n打出一掌，便能从天而降。\n突破境界，更有天地异象。\n江湖传言，他骨骼惊奇，是那万中无一的武学奇才。\n再平凡的武功落入他的手中，都能化腐朽为神奇，一力降十会。\n鹰爪功手撕鬼子、斗兽功斗气化马、童子功罡气护体……\n然而就在这种妖孽的设定之下。\n谁又能想到，他只是给自己的武功加了一点小小的特效而已。\n我，吕纯良，武当山上小师叔，生性纯良。\n十年修行无人问，一朝下山天下知。\n……\n【PS：已有高订1.8万的完本老书，放心入坑...",
          "ltype": "其他",
          "stype": "其他",
          "score": "9.94"
        },
        {
          "book_id": 622457,
          "name": "十万重横炼剑圣",
          "author": "我意为天",
          "image": "qd/11/88/1021430627.jpg",
          "remark": "武道与仙道共存的世界，陈正道死后重生回到十二天前，并且觉醒了穿越几十年的金手指，十万重横炼剑圣系统。\n当剑体提升到了极致的时候，你觉得它最强的是剑气吗？\n不不不，它最强的是防御。\n你会法术？你有法宝？你更厉害，有祖传藏着多年的宝贝符咒？\n不吹不黑，在场的所有人，不能破我防的那都是乐色。\n什么？你破了我的防？\n咻！\n一剑下去，瞬间斩首，全场安静，危机解除。各位乐色，哦不，各位大佬，不好意思，其实我最强的还是剑。\n……\nPs：横炼加点流，节奏快而超爽！另一本书是精品《十万亿重炼体的神魔》，不够看可以去看看！",
          "ltype": "其他",
          "stype": "其他",
          "score": "8.74"
        },
        {
          "book_id": 624033,
          "name": "神魔书",
          "author": "血红",
          "image": "qd/21/ea/1020688719.jpg",
          "remark": "我是谁？我在哪？我在做什么？我要做什么？我想做什么？\n我所见、所闻、所经历的一切，又都是为了什么？\n眼前的世界，是真实还是虚幻？\n左边的道路，密布荆棘；右边的道路，鲜花着锦。\n我要选择哪一条？我为什么要选择这一条？\n愿绝对的秩序指引我们。\n愿至高的真理与我同在。",
          "ltype": "其他",
          "stype": "其他",
          "score": "8.99"
        },
        {
          "book_id": 1668,
          "name": "天域苍穹",
          "author": "风凌天下",
          "image": "qd/b5/9c/3362920.jpg",
          "remark": "笑尽天下英雄，宇内我为君主！\n万水千山，以我为尊；八荒六合，唯我称雄！\n我欲舞风云，凌天下，踏天域，登苍穹！谁可争锋？！\n诸君可愿陪我，并肩凌天下，琼霄风云舞，征战这天域苍穹？！\n…………\n天域苍穹官方群一：376497379\n天域苍穹官方群二：374474820",
          "ltype": "其他",
          "stype": "其他",
          "score": "9.24"
        },
        {
          "book_id": 85175,
          "name": "余温半夏",
          "author": "喵牌雪糕",
          "image": "qd/28/c5/1013672302.jpg",
          "remark": "你问我为什么那么顽固，\n你说比你适合的人有很多，\n我没有选择的方式，\n只是你一出现，\n别人也就不过如此\n……",
          "ltype": "其他",
          "stype": "其他",
          "score": "9.51"
        },
        {
          "book_id": 616502,
          "name": "极道神明",
          "author": "树火",
          "image": "qd/8b/fd/1020757352.jpg",
          "remark": "顾铮来到了异界，发现这个世界存在妖魔邪祟。\n但他也有着一个加点面板。\n刀法+1+1+1……\n一刀天下，虚空都破碎了。\n然后他发现，这个世界并不简单。不只是妖魔邪祟，还有着一个个主角存在，重生者夺舍者血脉强大者。\n这还真是危险。",
          "ltype": "其他",
          "stype": "其他",
          "score": "9.96"
        }
      ]
    },
    "recommend": {
      "category": 3,
      "name": "精选推荐",
      "name_1": "猜您喜欢",
      "data": [
        {
          "book_id": 618521,
          "name": "魔族之劫",
          "author": "疯狂的橘猫",
          "image": "qd/e0/17/1020196841.jpg",
          "remark": "“最强的流派是哪家？是绝对攻击一剑流？还是绝对防御流？”\n“都不是，是狂战流！”\n“狂战流是什么？”\n“最强攻击、最强防御和最强速度！”\n“你把绝对攻击流跟绝对防御流放哪了？”\n“呵呵！每个敌人给我增加百分之五的攻击力、防御力和速度！”\n“好弱，人家绝对攻击流，无条件增加百分之五百攻击力！”\n“你数数场上有多少人！”\n“15万人！”\n“能让我增强多少倍？”\n“……”\n“7500倍！”\nps：给个日两万的机会吧！",
          "ltype": "其他",
          "stype": "其他",
          "score": "8.82"
        },
        {
          "book_id": 623429,
          "name": "大吟游诗人",
          "author": "三心二缺",
          "image": "qd/0c/94/1021351655.jpg",
          "remark": "黎川救下两位螺族少女小妖精，无意间卷入到了异族争锋之中。在动辄血与火的位面之中，同样有着诗与远方。黎川发现自己成为了掌握龙语战诗的炙手可热之人，壮怀激烈之时，他也每每于兽血沸腾之中创造着属于自己的史诗！\n~~~~~~~~~~~~~~~~~~~~~~~~~~~~~~~~~~\nps:章节题目之类纯属耍宝卖弄，莫要太过在意...",
          "ltype": "其他",
          "stype": "其他",
          "score": "8.68"
        },
        {
          "book_id": 623374,
          "name": "我的武功带特效",
          "author": "鱼跃冲顶",
          "image": "qd/34/59/1020874739.jpg",
          "remark": "本书又名《小师叔明明超强却实在太宅了》、《武学奇才小师叔》、《宅着宅着就成了天下第一》……\n……\n吕纯良很受伤。\n穿越仙武世界，天生唬人的气质拿捏得死死的。\n天赋无双，惊骇世人。\n打出一掌，便能从天而降。\n突破境界，更有天地异象。\n江湖传言，他骨骼惊奇，是那万中无一的武学奇才。\n再平凡的武功落入他的手中，都能化腐朽为神奇，一力降十会。\n鹰爪功手撕鬼子、斗兽功斗气化马、童子功罡气护体……\n然而就在这种妖孽的设定之下。\n谁又能想到，他只是给自己的武功加了一点小小的特效而已。\n我，吕纯良，武当山上小师叔，生性纯良。\n十年修行无人问，一朝下山天下知。\n……\n【PS：已有高订1.8万的完本老书，放心入坑...",
          "ltype": "其他",
          "stype": "其他",
          "score": "9.19"
        },
        {
          "book_id": 622457,
          "name": "十万重横炼剑圣",
          "author": "我意为天",
          "image": "qd/11/88/1021430627.jpg",
          "remark": "武道与仙道共存的世界，陈正道死后重生回到十二天前，并且觉醒了穿越几十年的金手指，十万重横炼剑圣系统。\n当剑体提升到了极致的时候，你觉得它最强的是剑气吗？\n不不不，它最强的是防御。\n你会法术？你有法宝？你更厉害，有祖传藏着多年的宝贝符咒？\n不吹不黑，在场的所有人，不能破我防的那都是乐色。\n什么？你破了我的防？\n咻！\n一剑下去，瞬间斩首，全场安静，危机解除。各位乐色，哦不，各位大佬，不好意思，其实我最强的还是剑。\n……\nPs：横炼加点流，节奏快而超爽！另一本书是精品《十万亿重炼体的神魔》，不够看可以去看看！",
          "ltype": "其他",
          "stype": "其他",
          "score": "8.90"
        },
        {
          "book_id": 624033,
          "name": "神魔书",
          "author": "血红",
          "image": "qd/21/ea/1020688719.jpg",
          "remark": "我是谁？我在哪？我在做什么？我要做什么？我想做什么？\n我所见、所闻、所经历的一切，又都是为了什么？\n眼前的世界，是真实还是虚幻？\n左边的道路，密布荆棘；右边的道路，鲜花着锦。\n我要选择哪一条？我为什么要选择这一条？\n愿绝对的秩序指引我们。\n愿至高的真理与我同在。",
          "ltype": "其他",
          "stype": "其他",
          "score": "9.55"
        },
        {
          "book_id": 1668,
          "name": "天域苍穹",
          "author": "风凌天下",
          "image": "qd/b5/9c/3362920.jpg",
          "remark": "笑尽天下英雄，宇内我为君主！\n万水千山，以我为尊；八荒六合，唯我称雄！\n我欲舞风云，凌天下，踏天域，登苍穹！谁可争锋？！\n诸君可愿陪我，并肩凌天下，琼霄风云舞，征战这天域苍穹？！\n…………\n天域苍穹官方群一：376497379\n天域苍穹官方群二：374474820",
          "ltype": "其他",
          "stype": "其他",
          "score": "9.06"
        },
        {
          "book_id": 85175,
          "name": "余温半夏",
          "author": "喵牌雪糕",
          "image": "qd/28/c5/1013672302.jpg",
          "remark": "你问我为什么那么顽固，\n你说比你适合的人有很多，\n我没有选择的方式，\n只是你一出现，\n别人也就不过如此\n……",
          "ltype": "其他",
          "stype": "其他",
          "score": "9.33"
        },
        {
          "book_id": 616502,
          "name": "极道神明",
          "author": "树火",
          "image": "qd/8b/fd/1020757352.jpg",
          "remark": "顾铮来到了异界，发现这个世界存在妖魔邪祟。\n但他也有着一个加点面板。\n刀法+1+1+1……\n一刀天下，虚空都破碎了。\n然后他发现，这个世界并不简单。不只是妖魔邪祟，还有着一个个主角存在，重生者夺舍者血脉强大者。\n这还真是危险。",
          "ltype": "其他",
          "stype": "其他",
          "score": "9.24"
        }
      ]
    }
  }
}
